IdModele;Ordre;Entite;CodeExecution;Step;NumJeuParam;Active;CodeModule
"Init";1;6;1;0;;;0
"Samara v1";1;1;1;0;;;33315
"Samara v1";2;2;1;0;;;33316
"Samara v1";3;3;1;0;;;102
"Samara v1";4;3;2;1;;;33104
"Samara v1";5;3;2;1;;;50
"Samara v1";6;3;2;1;;;51
"Samara v1";7;3;2;1;;;52
"Samara v1";8;3;2;1;;;53
"Samara v1";9;3;2;1;;;54
"Samara v1";10;3;2;1;;;55
"Samara v1";11;3;2;1;;;57
"Samara v1";12;3;2;1;;;49
"Samara v1";13;3;2;1;;;56
"Samara v1";14;2;2;1;;;33206
"Samara v1";15;5;2;1;;;33320
"Samara v1";16;2;2;1;;;33272
"Samara v1";17;5;2;1;;;33319
"Samara v1";18;5;2;1;;;33273
"Samara v1";19;5;2;1;;;33274
"Samara v1";20;5;2;1;;;33275
"Samara v1";21;5;2;1;;;33328
"Samara v1";22;5;2;1;;;33276
"Samara v1";23;2;2;1;;;24
"Samara v1";24;2;2;1;;;33113
"Samara v1";25;2;2;1;;;8
"Samara v1";26;2;2;1;;;27
"Samara v1";27;2;2;1;;;33114
"Samara v1";28;2;2;1;;;33115
"Samara v1";29;5;2;1;;;33324
"Samara v1";30;5;2;1;;;33322
"Samara v1";31;5;2;1;;;33323
"Samara v1";32;5;2;1;;;33321
"Samara v1";33;5;2;1;;;33277
"Samara v1";34;2;2;1;;;33125
"Samara v1";35;5;2;1;;;33278
"Samara v1";36;5;2;1;;;33327
"Samara v1";37;5;2;1;;;33279
"Samara v1";38;2;2;1;;;33130
"Samara v1";39;5;2;1;;;33280
"Samara v1";40;5;2;1;;;33286
"Samara v1";41;5;2;1;;;33281
"Samara v1";42;5;2;1;;;33282
"Samara v1";43;5;2;1;;;33283
"Samara v1";44;5;2;1;;;33284
"Samara v1";45;5;2;1;;;33285
"Samara v1";46;5;2;1;;;33287
"Samara v1";47;5;2;1;;;33288
"Samara v1";48;5;2;1;;;33289
"Samara v1";49;5;2;1;;;33290
"Samara v1";50;5;2;1;;;33291
"Samara v1";51;5;2;1;;;33292
"Samara v1";52;5;2;1;;;33293
"Samara v1";53;5;2;1;;;33294
"Samara v1";54;5;2;1;;;33295
"Samara v1";55;5;2;1;;;33296
"Samara v1";56;5;2;1;;;33297
"Samara v1";57;5;2;1;;;33298
"Samara v1";58;5;2;1;;;33299
"Samara v1";59;5;2;1;;;33300
"Samara v1";60;5;2;1;;;33301
"Samara v1";61;5;2;1;;;33302
"Samara v1";62;5;2;1;;;33303
"Samara v1";63;5;2;1;;;33304
"Samara v1";64;5;2;1;;;33305
"Samara v1";65;5;2;1;;;33326
"Samara v1";66;5;2;1;;;33317
"Samara v1";67;5;2;1;;;33306
"Samara v1";68;5;2;1;;;33307
"Samara v1";69;1;2;1;;;33116
"Samara v1";70;1;2;1;;;33117
"Samara v1";71;2;2;1;;;33118
"Samara v1";72;5;2;1;;;33318
"Samara v1";73;5;2;1;;;33308
"Samara v1";74;5;2;1;;;33146
"Samara v1";75;5;2;1;;;33309
"Samara v1";76;5;2;1;;;33310
"Samara v1";77;2;2;1;;;33244
"Samara v1";78;5;2;1;;;33325
"Samara v2";1;1;1;0;;;33329
"Samara v2";2;2;1;0;;;33316
"Samara v2";3;2;2;1;;;33330
"Samara v2";4;3;1;0;;;102
"Samara v2";5;3;2;1;;;33104
"Samara v2";6;3;2;1;;;50
"Samara v2";7;3;2;1;;;51
"Samara v2";8;3;2;1;;;52
"Samara v2";9;3;2;1;;;53
"Samara v2";10;3;2;1;;;54
"Samara v2";11;3;2;1;;;55
"Samara v2";12;3;2;1;;;57
"Samara v2";13;3;2;1;;;49
"Samara v2";14;3;2;1;;;56
"Samara v2";15;2;2;1;;;33206
"Samara v2";16;5;2;1;;;33358
"Samara v2";17;1;2;1;;;33320
"Samara v2";18;5;2;1;;;33361
"Samara v2";19;5;2;1;;;33355
"Samara v2";20;5;2;1;;;33357
"Samara v2";21;5;2;1;;;33354
"Samara v2";22;5;2;1;;;33359
"Samara v2";23;5;2;1;;;33356
"Samara v2";24;2;2;1;;;33365
"Samara v2";25;5;2;1;;;33319
"Samara v2";26;5;2;1;;;33353
"Samara v2";27;5;2;1;;;33273
"Samara v2";28;5;2;1;;;33274
"Samara v2";29;5;2;1;;;33275
"Samara v2";30;5;2;1;;;33328
"Samara v2";31;5;2;1;;;33340
"Samara v2";32;2;2;1;;;33351
"Samara v2";33;2;2;1;;;33368
"Samara v2";34;2;2;1;;;8
"Samara v2";35;2;2;1;;;27
"Samara v2";36;2;2;1;;;33114
"Samara v2";37;2;2;1;;;33346
"Samara v2";38;5;2;1;;;33324
"Samara v2";39;5;2;1;;;33322
"Samara v2";40;5;2;1;;;33323
"Samara v2";41;5;2;1;;;33321
"Samara v2";42;5;2;1;;;33277
"Samara v2";43;2;2;1;;;33125
"Samara v2";44;5;2;1;;;33278
"Samara v2";45;5;2;1;;;33327
"Samara v2";46;5;2;1;;;33279
"Samara v2";47;2;2;1;;;33362
"Samara v2";48;5;2;1;;;33339
"Samara v2";49;5;2;1;;;33280
"Samara v2";50;5;2;1;;;33286
"Samara v2";51;5;2;1;;;33331
"Samara v2";52;5;2;1;;;33282
"Samara v2";53;5;2;1;;;33332
"Samara v2";54;5;2;1;;;33284
"Samara v2";55;5;2;1;;;33285
"Samara v2";56;5;2;1;;;33333
"Samara v2";57;5;2;1;;;33288
"Samara v2";58;5;2;1;;;33334
"Samara v2";59;5;2;1;;;33335
"Samara v2";60;5;2;1;;;33336
"Samara v2";61;5;2;1;;;33292
"Samara v2";62;5;2;1;;;33293
"Samara v2";63;5;2;1;;;33294
"Samara v2";64;5;2;1;;;33295
"Samara v2";65;5;2;1;;;33296
"Samara v2";66;5;2;1;;;33297
"Samara v2";67;5;2;1;;;33363
"Samara v2";68;5;2;1;;;33298
"Samara v2";69;5;2;1;;;33299
"Samara v2";70;5;2;1;;;33300
"Samara v2";71;5;2;1;;;33301
"Samara v2";72;5;2;1;;;33302
"Samara v2";73;5;2;1;;;33303
"Samara v2";74;5;2;1;;;33349
"Samara v2";75;5;2;1;;;33337
"Samara v2";76;5;2;1;;;33305
"Samara v2";77;5;2;1;;;33326
"Samara v2";78;5;2;1;;;33317
"Samara v2";79;5;2;1;;;33338
"Samara v2";80;5;2;1;;;33307
"Samara v2";81;1;2;1;;;33347
"Samara v2";82;1;2;1;;;33343
"Samara v2";83;1;2;1;;;33342
"Samara v2";84;2;2;1;;;33366
"Samara v2";85;2;2;1;;;33367
"Samara v2";86;1;2;1;;;33350
"Samara v2";87;1;2;1;;;33345
"Samara v2";88;5;2;1;;;33348
"Samara v2";89;5;2;1;;;33318
"Samara v2";90;5;2;1;;;33308
"Samara v2";91;5;2;1;;;33146
"Samara v2";92;5;2;1;;;33309
"Samara v2";93;5;2;1;;;33310
"Samara v2";94;5;2;1;;;33244
"Samara v2";95;5;2;1;;;33364
"Samara v2";96;5;2;1;;;33325
"Samara v2";97;5;2;1;;;33360
"Samara v2_1";1;1;1;0;;;33329
"Samara v2_1";2;2;1;0;;;33316
"Samara v2_1";3;2;2;1;;;33330
"Samara v2_1";4;3;1;0;;;102
"Samara v2_1";5;3;2;1;;;33104
"Samara v2_1";6;3;2;1;;;50
"Samara v2_1";7;3;2;1;;;51
"Samara v2_1";8;3;2;1;;;52
"Samara v2_1";9;3;2;1;;;53
"Samara v2_1";10;3;2;1;;;54
"Samara v2_1";11;3;2;1;;;55
"Samara v2_1";12;3;2;1;;;57
"Samara v2_1";13;3;2;1;;;49
"Samara v2_1";14;3;2;1;;;56
"Samara v2_1";15;2;2;1;;;33206
"Samara v2_1";16;5;2;1;;;33358
"Samara v2_1";17;1;2;1;;;33320
"Samara v2_1";18;5;2;1;;;33361
"Samara v2_1";19;5;2;1;;;33355
"Samara v2_1";20;5;2;1;;;33357
"Samara v2_1";21;5;2;1;;;33354
"Samara v2_1";22;5;2;1;;;33359
"Samara v2_1";23;5;2;1;;;33356
"Samara v2_1";24;2;2;1;;;33365
"Samara v2_1";25;5;2;1;;;33319
"Samara v2_1";26;5;2;1;;;33353
"Samara v2_1";27;5;2;1;;;33273
"Samara v2_1";28;5;2;1;;;33379
"Samara v2_1";29;5;2;1;;;33275
"Samara v2_1";30;5;2;1;;;33328
"Samara v2_1";31;5;2;1;;;33385
"Samara v2_1";32;2;2;1;;;33351
"Samara v2_1";33;2;2;1;;;33368
"Samara v2_1";34;2;2;1;;;33399
"Samara v2_1";35;2;2;1;;;27
"Samara v2_1";36;2;2;1;;;33114
"Samara v2_1";37;2;2;1;;;33346
"Samara v2_1";38;5;2;1;;;33324
"Samara v2_1";39;5;2;1;;;33322
"Samara v2_1";40;5;2;1;;;33323
"Samara v2_1";41;5;2;1;;;33321
"Samara v2_1";42;5;2;1;;;33277
"Samara v2_1";43;2;2;1;;;33125
"Samara v2_1";44;5;2;1;;;33391
"Samara v2_1";45;5;2;1;;;33397
"Samara v2_1";46;5;2;1;;;33279
"Samara v2_1";47;2;2;1;;;33362
"Samara v2_1";48;5;2;1;;;33339
"Samara v2_1";49;5;2;1;;;33280
"Samara v2_1";50;5;2;1;;;33286
"Samara v2_1";51;5;2;1;;;33331
"Samara v2_1";52;5;2;1;;;33282
"Samara v2_1";53;5;2;1;;;33377
"Samara v2_1";54;5;2;1;;;33378
"Samara v2_1";55;5;2;1;;;33388
"Samara v2_1";56;5;2;1;;;33394
"Samara v2_1";57;5;2;1;;;33288
"Samara v2_1";58;5;2;1;;;33334
"Samara v2_1";59;5;2;1;;;33395
"Samara v2_1";60;5;2;1;;;33336
"Samara v2_1";61;5;2;1;;;33393
"Samara v2_1";62;5;2;1;;;33382
"Samara v2_1";63;5;2;1;;;33294
"Samara v2_1";64;5;2;1;;;33295
"Samara v2_1";65;5;2;1;;;33383
"Samara v2_1";66;5;2;1;;;33297
"Samara v2_1";67;5;2;1;;;33372
"Samara v2_1";68;5;2;1;;;33381
"Samara v2_1";69;5;2;1;;;33400
"Samara v2_1";70;5;2;1;;;33387
"Samara v2_1";71;5;2;1;;;33376
"Samara v2_1";72;5;2;1;;;33384
"Samara v2_1";73;5;2;1;;;33380
"Samara v2_1";74;5;2;1;;;33349
"Samara v2_1";75;5;2;1;;;33386
"Samara v2_1";76;1;2;1;;;33392
"Samara v2_1";77;5;2;1;;;33326
"Samara v2_1";78;5;2;1;;;33373
"Samara v2_1";79;5;2;1;;;33396
"Samara v2_1";80;5;2;1;;;33307
"Samara v2_1";81;1;2;1;;;33347
"Samara v2_1";82;1;2;1;;;33398
"Samara v2_1";83;1;2;1;;;33342
"Samara v2_1";84;2;2;1;;;33366
"Samara v2_1";85;2;2;1;;;33367
"Samara v2_1";86;1;2;1;;;33350
"Samara v2_1";87;1;2;1;;;33375
"Samara v2_1";88;5;2;1;;;33348
"Samara v2_1";89;5;2;1;;;33318
"Samara v2_1";90;5;2;1;;;33308
"Samara v2_1";91;5;2;1;;;33146
"Samara v2_1";92;5;2;1;;;33309
"Samara v2_1";93;5;2;1;;;33390
"Samara v2_1";94;5;2;1;;;33244
"Samara v2_1";95;5;2;1;;;33374
"Samara v2_1";96;5;2;1;;;33371
"Samara v2_1";97;5;2;1;;;33389
"SARRAHMil2";1;1;1;0;;;33119
"SARRAHMil2";2;2;1;0;;;33121
"SARRAHMil2";3;3;1;0;;;102
"SARRAHMil2";4;3;2;1;;;33104
"SARRAHMil2";5;3;2;1;;;50
"SARRAHMil2";6;3;2;1;;;51
"SARRAHMil2";7;3;2;1;;;52
"SARRAHMil2";8;3;2;1;;;53
"SARRAHMil2";9;3;2;1;;;54
"SARRAHMil2";10;3;2;1;;;55
"SARRAHMil2";11;3;2;1;;;57
"SARRAHMil2";12;3;2;1;;;49
"SARRAHMil2";13;3;2;1;;;56
"SARRAHMil2";14;2;2;1;;;33164
"SARRAHMil2";15;2;2;1;;;33123
"SARRAHMil2";16;1;2;1;;;37
"SARRAHMil2";17;1;2;1;;;42
"SARRAHMil2";18;1;2;1;;;43
"SARRAHMil2";19;1;2;1;;;33110
"SARRAHMil2";20;1;2;1;;;33168
"SARRAHMil2";21;2;2;1;;;24
"SARRAHMil2";22;2;2;1;;;33113
"SARRAHMil2";23;2;2;1;;;8
"SARRAHMil2";24;2;2;1;;;27
"SARRAHMil2";25;2;2;1;;;33114
"SARRAHMil2";26;2;2;1;;;33115
"SARRAHMil2";27;2;2;1;;;33129
"SARRAHMil2";28;2;2;1;;;31
"SARRAHMil2";29;2;2;1;;;33125
"SARRAHMil2";30;2;2;1;;;33126
"SARRAHMil2";31;2;2;1;;;33127
"SARRAHMil2";32;2;2;1;;;33128
"SARRAHMil2";33;2;2;1;;;33130
"SARRAHMil2";34;2;2;1;;;33
"SARRAHMil2";35;2;2;1;;;33131
"SARRAHMil2";36;2;2;1;;;33165
"SARRAHMil2";37;2;2;1;;;33169
"SARRAHMil2";38;2;2;1;;;33134
"SARRAHMil2";39;2;2;1;;;33135
"SARRAHMil2";40;2;2;1;;;33136
"SARRAHMil2";41;2;2;1;;;33137
"SARRAHMil2";42;2;2;1;;;33138
"SARRAHMil2";43;2;2;1;;;33139
"SARRAHMil2";44;2;2;1;;;33141
"SARRAHMil2";45;2;2;1;;;33142
"SARRAHMil2";46;2;2;1;;;33143
"SARRAHMil2";47;2;2;1;;;33147
"SARRAHMil2";48;2;2;1;;;33167
"SARRAHMil2";49;2;2;1;;;33144
"SARRAHMil2";50;2;2;1;;;33145
"SARRAHMil2";51;2;2;1;;;33207
"SARRAHMil2";52;2;2;1;;;33146
"SARRAHMil2";53;1;2;1;;;33116
"SARRAHMil2";54;1;2;1;;;33117
"SARRAHMil2";55;2;2;1;;;33170
"SARRAHMil2";56;1;2;1;;;33166
"SarrahV32";1;1;1;0;;;100
"SarrahV32";2;2;1;0;;;33121
"SarrahV32";3;3;1;0;;;102
"SarrahV32";4;3;2;1;;;33104
"SarrahV32";5;3;2;1;;;50
"SarrahV32";6;3;2;1;;;51
"SarrahV32";7;3;2;1;;;52
"SarrahV32";8;3;2;1;;;53
"SarrahV32";9;3;2;1;;;54
"SarrahV32";10;3;2;1;;;55
"SarrahV32";11;3;2;1;;;57
"SarrahV32";12;3;2;1;;;49
"SarrahV32";13;3;2;1;;;56
"SarrahV32";14;2;2;1;;;33255
"SarrahV32";15;2;2;1;;;33159
"SarrahV32";16;2;2;1;;;33146
"SarrahV32";17;1;2;1;;;1
"SarrahV32";18;1;2;1;;;33163
"SarrahV32";19;1;2;1;;;2
"SarrahV32";20;1;2;1;;;23
"SarrahV32";21;1;2;1;;;42
"SarrahV32";22;1;2;1;;;9
"SarrahV32";23;1;2;1;;;33268
"SarrahV32";24;2;2;1;;;24
"SarrahV32";25;2;2;1;;;37
"SarrahV32";26;2;2;1;;;8
"SarrahV32";27;1;2;1;;;43
"SarrahV32";28;2;2;1;;;26
"SarrahV32";29;2;2;1;;;27
"SarrahV32";30;1;2;1;;;29
"SarrahV32";31;2;2;1;;;33114
"SarrahV32";32;2;2;1;;;33258
"SarrahV32";33;2;2;1;;;31
"SarrahV32";34;2;2;1;;;33125
"SarrahV32";35;2;2;1;;;33126
"SarrahV32";36;2;2;1;;;33127
"SarrahV32";37;2;2;1;;;33262
"SarrahV32";38;2;2;1;;;33
"SarrahV32";39;2;2;1;;;33263
"SarrahV32";40;2;2;1;;;33269
"SarrahV32";41;2;2;1;;;33264
"SarrahV32";42;2;2;1;;;33261
"SarrahV32";43;2;2;1;;;33138
"SarrahV32";44;2;2;1;;;33265
"SarrahV32";45;2;2;1;;;33143
"SarrahV32";46;2;2;1;;;33266
"SarrahV32";47;2;2;1;;;33167
"SarrahV32";48;2;2;1;;;33260
"SarrahV32";49;2;2;1;;;33256
"SarrahV32";50;2;2;1;;;33270
"SarrahV32Test";1;1;1;0;;;100
"SarrahV32Test";2;2;1;0;;;33121
"SarrahV32Test";3;3;1;0;;;102
"SarrahV32Test";4;3;2;1;;;33104
"SarrahV32Test";5;3;2;1;;;50
"SarrahV32Test";6;3;2;1;;;51
"SarrahV32Test";7;3;2;1;;;52
"SarrahV32Test";8;3;2;1;;;53
"SarrahV32Test";9;3;2;1;;;54
"SarrahV32Test";10;3;2;1;;;55
"SarrahV32Test";11;3;2;1;;;57
"SarrahV32Test";12;3;2;1;;;49
"SarrahV32Test";13;3;2;1;;;56
"SarrahV32Test";14;2;2;1;;;33255
"SarrahV32Test";15;2;2;1;;;33365
"SarrahV32Test";16;2;2;1;;;33146
"SarrahV32Test";17;4;2;1;;;33370
"SarrahV32Test";18;1;2;1;;;33163
"SarrahV32Test";19;1;2;1;;;2
"SarrahV32Test";20;1;2;1;;;23
"SarrahV32Test";21;1;2;1;;;42
"SarrahV32Test";22;1;2;1;;;9
"SarrahV32Test";23;1;2;1;;;33268
"SarrahV32Test";24;2;2;1;;;24
"SarrahV32Test";25;2;2;1;;;37
"SarrahV32Test";26;2;2;1;;;8
"SarrahV32Test";27;1;2;1;;;43
"SarrahV32Test";28;2;2;1;;;26
"SarrahV32Test";29;2;2;1;;;27
"SarrahV32Test";30;1;2;1;;;29
"SarrahV32Test";31;2;2;1;;;33114
"SarrahV32Test";32;2;2;1;;;33258
"SarrahV32Test";33;2;2;1;;;31
"SarrahV32Test";34;2;2;1;;;33125
"SarrahV32Test";35;2;2;1;;;33126
"SarrahV32Test";36;2;2;1;;;33127
"SarrahV32Test";37;2;2;1;;;33262
"SarrahV32Test";38;2;2;1;;;33369
"SarrahV32Test";39;2;2;1;;;33263
"SarrahV32Test";40;2;2;1;;;33269
"SarrahV32Test";41;2;2;1;;;33264
"SarrahV32Test";42;2;2;1;;;33261
"SarrahV32Test";43;2;2;1;;;33138
"SarrahV32Test";44;2;2;1;;;33265
"SarrahV32Test";45;2;2;1;;;33143
"SarrahV32Test";46;2;2;1;;;33266
"SarrahV32Test";47;2;2;1;;;33167
"SarrahV32Test";48;2;2;1;;;33260
"SarrahV32Test";49;2;2;1;;;33256
"SarrahV32Test";50;2;2;1;;;33270
"SarrahV33";1;1;1;0;;;100
"SarrahV33";2;2;1;0;;;33121
"SarrahV33";3;3;1;0;;;102
"SarrahV33";4;3;2;1;;;33104
"SarrahV33";5;3;2;1;;;50
"SarrahV33";6;3;2;1;;;51
"SarrahV33";7;3;2;1;;;52
"SarrahV33";8;3;2;1;;;53
"SarrahV33";9;3;2;1;;;54
"SarrahV33";10;3;2;1;;;55
"SarrahV33";11;3;2;1;;;57
"SarrahV33";12;3;2;1;;;49
"SarrahV33";13;3;2;1;;;56
"SarrahV33";14;2;2;1;;;33255
"SarrahV33";15;2;2;1;;;33159
"SarrahV33";16;2;2;1;;;33146
"SarrahV33";17;1;2;1;;;1
"SarrahV33";18;1;2;1;;;33163
"SarrahV33";19;1;2;1;;;2
"SarrahV33";20;1;2;1;;;23
"SarrahV33";21;1;2;1;;;42
"SarrahV33";22;1;2;1;;;9
"SarrahV33";23;1;2;1;;;33268
"SarrahV33";24;2;2;1;;;24
"SarrahV33";25;2;2;1;;;37
"SarrahV33";26;2;2;1;;;8
"SarrahV33";27;1;2;1;;;43
"SarrahV33";28;2;2;1;;;26
"SarrahV33";29;2;2;1;;;27
"SarrahV33";30;1;2;1;;;29
"SarrahV33";31;2;2;1;;;33114
"SarrahV33";32;2;2;1;;;33258
"SarrahV33";33;2;2;1;;;31
"SarrahV33";34;2;2;1;;;33125
"SarrahV33";35;2;2;1;;;33126
"SarrahV33";36;2;2;1;;;33127
"SarrahV33";37;2;2;1;;;33262
"SarrahV33";38;2;2;1;;;33
"SarrahV33";39;2;2;1;;;33263
"SarrahV33";40;2;2;1;;;33269
"SarrahV33";41;2;2;1;;;33264
"SarrahV33";42;2;2;1;;;33261
"SarrahV33";43;2;2;1;;;33138
"SarrahV33";44;2;2;1;;;33265
"SarrahV33";45;2;2;1;;;33143
"SarrahV33";46;2;2;1;;;33266
"SarrahV33";47;2;2;1;;;33167
"SarrahV33";48;2;2;1;;;33260
"SarrahV33";49;2;2;1;;;33256
"SarrahV33";50;2;2;1;;;33270
